<resources>
    <string name="app_name">Lab10</string>
    <string name="title_activity_maps">MapsActivity</string>
    <string name="textView1text">Długość geograficzna</string>
    <string name="textView2text">Szerokość geograficzna</string>
    <string name="button1text">Idź do podanych współrzędnych</string>
    <string name="button2text">Pokaż kampusy PK</string>
    <string name="radio1text">MAPA</string>
    <string name="radio2text">SATELITA</string>
    <string name="radioButton1Hint">Pokazuj mapę</string>
    <string name="radioButton2Hint">Pokazuj zdjęcia terenu</string>
    <string name="editText1Hint">Znak: (+) = E, (-) = W</string>
    <string name="editText2Hint">Znak: (+) = N, (-) = S</string>
    <string name="toast1Text">"Niepoprawne współrzędne !"</string>
</resources>